Team Name,Submission#,Status,Execution Time(sec.),Result File
Mi3 UCM,4,finished,12.43505,"[{'BLEU-4': 1.6406070579685444e-11, 'ROUGE-L': 0.08391933353437767, 'Timing F1': 0.5622549934664925, 'Timing AUC': 0.765849883739419, 'Action F1': 0.2072619874913134, 'Final Score': 0.3238572396496017}]"
Mi3 UCM,11,finished,9.136251,"[{'BLEU-4': 9.651070786008635e-12, 'ROUGE-L': 0.07996061881971406, 'Timing F1': 0.36122680802726237, 'Timing AUC': 0.5, 'Action F1': 0.38589487691284097, 'Final Score': 0.2654164607538937}]"
Mi3 UCM,13,finished,15.718744,"[{'BLEU-4': 1.5610174923160652e-11, 'ROUGE-L': 0.08311774363428448, 'Timing F1': 0.36122680802726237, 'Timing AUC': 0.5, 'Action F1': 0.32160804020100503, 'Final Score': 0.2531905183756324}]"
Mi3 UCM,14,finished,20.867662,"[{'BLEU-4': 1.6406070579685444e-11, 'ROUGE-L': 0.08391933353437767, 'Timing F1': 0.5622549934664925, 'Timing AUC': 0.765849883739419, 'Action F1': 0.38589487691284097, 'Final Score': 0.3595838175339073}]"